query_cpt,query_name,query_year,Ly_ans_cpts,Ly_ans_names,Ly_ans_years,Ly_rel_years,Uy_ans_cpts,Uy_ans_names,Uy_ans_years,Uy_rel_years
gene_590,BCHE,1937,"['chemical_mesh_d007531', 'chemical_mesh_c005034', 'chemical_mesh_d004456']","['Isoflurophate', 'hexafluorenium', 'Echothiophate Iodide']","[1946, 1955, 1959]","[1946, 1964, 1965]",[],[],[],[]
gene_43,ACHE,1941,"['chemical_mesh_d010830', 'chemical_mesh_d004491', 'chemical_mesh_d009388', 'chemical_mesh_d007531', 'chemical_mesh_c028797', 'chemical_mesh_d005702', 'chemical_mesh_d005703', 'chemical_mesh_d010261', 'chemical_mesh_d013619', 'chemical_mesh_d000549', 'chemical_mesh_d009768', 'chemical_mesh_d011729', 'chemical_mesh_d004456', 'chemical_mesh_c026718']","['Physostigmine', 'Edrophonium', 'Neostigmine', 'Isoflurophate', 'pralidoxime', 'Galantamine', 'Gallamine Triethiodide', 'Paraoxon', 'Tacrine', 'Ambenonium Chloride', 'Obidoxime Chloride', 'Pyridostigmine Bromide', 'Echothiophate Iodide', 'physostigmine salicylate']","[1878, 1951, 1935, 1946, 1950, 1953, 1949, 1950, 1961, 1955, 1964, 1953, 1959, 1957]","[1951, 1955, 1955, 1959, 1965, 1965, 1969, 1970, 1975, 1976, 1978, 1980, 1983, 1988]","['chemical_mesh_c056424', 'chemical_mesh_c084645']","['velnacrine', 'distigmine']","[1989, 1958]","[1992, 1993]"
gene_26,AOC1,1932,['chemical_mesh_c004479'],['pimagedine'],[1949],[1956],[],[],[],[]
gene_5340,PLG,1946,"['chemical_mesh_d015119', 'chemical_mesh_d014148', 'chemical_mesh_c015668']","['Aminocaproic Acid', 'Tranexamic Acid', '4-aminomethylbenzoic acid']","[1952, 1964, 1964]","[1959, 1972, 1984]",[],[],[],[]
gene_7298,TYMS,1960,"['chemical_mesh_d005472', 'chemical_mesh_d005467', 'chemical_mesh_d005641', 'chemical_mesh_c025034']","['Fluorouracil', 'Floxuridine', 'Tegafur', 'doxifluridine']","[1957, 1959, 1971, 1978]","[1962, 1971, 1984, 1986]",['chemical_mesh_c017367'],['carmofur'],[1976],[1991]
gene_1644,DDC,1947,"['chemical_mesh_d001545', 'chemical_mesh_d002230']","['Benserazide', 'Carbidopa']","[1965, 1970]","[1965, 1971]",[],[],[],[]
gene_3067,HDC,1948,"['chemical_mesh_c003722', 'chemical_mesh_d001958']","['tritoqualine', 'Brocresine']","[1964, 1967]","[1967, 1968]",[],[],[],[]
gene_1719,DHFR,1961,"['chemical_mesh_d008727', 'chemical_mesh_d016597']","['Methotrexate', 'Trimetrexate']","[1949, 1979]","[1967, 1982]",['chemical_mesh_c040210'],['edatrexate'],[1982],[1991]
gene_154,ADRB2,1967,"['chemical_mesh_d009638', 'chemical_mesh_d000420', 'chemical_mesh_d007545', 'chemical_mesh_d000526', 'chemical_mesh_d013726', 'chemical_mesh_d004809', 'chemical_mesh_d004837', 'chemical_mesh_d005280', 'chemical_mesh_d006594', 'chemical_mesh_d012312', 'chemical_mesh_d017265', 'chemical_mesh_d010394', 'chemical_mesh_d011433', 'chemical_mesh_d009921', 'chemical_mesh_d014213', 'chemical_mesh_c002904', 'chemical_mesh_d002976', 'chemical_mesh_c014792', 'chemical_mesh_d002078', 'chemical_mesh_d009248', 'chemical_mesh_c100227', 'chemical_mesh_d013015', 'chemical_mesh_d010869', 'chemical_mesh_d007741', 'chemical_mesh_c009118', 'chemical_mesh_d013999', 'chemical_mesh_c015340', 'chemical_mesh_c010809', 'chemical_mesh_c036007', 'chemical_mesh_c046318', 'chemical_mesh_c002989', 'chemical_mesh_d010096', 'chemical_mesh_c024892', 'chemical_mesh_c047766', 'chemical_mesh_d002354']","['Norepinephrine', 'Albuterol', 'Isoproterenol', 'Alprenolol', 'Terbutaline', 'Ephedrine', 'Epinephrine', 'Fenoterol', 'Hexoprenaline', 'Ritodrine', 'Procaterol', 'Penbutolol', 'Propranolol', 'Metaproterenol', 'Tretoquinol', 'zinterol', 'Clenbuterol', 'reproterol', 'Butoxamine', 'Nadolol', 'tolamolol', 'Sotalol', 'Pindolol', 'Labetalol', 'pirbuterol', 'Timolol', 'mepindolol', 'tulobuterol', 'bopindolol', 'dopexamine', 'indenolol', 'Oxprenolol', 'medroxalol', 'bambuterol', 'Carteolol']","[1947, 1969, 1946, 1968, 1970, 1925, 1903, 1968, 1970, 1969, 1977, 1972, 1964, 1961, 1967, 1975, 1972, 1977, 1964, 1975, 1973, 1967, 1969, 1971, 1974, 1972, 1975, 1975, 1982, 1985, 1972, 1967, 1980, 1984, 1974]","[1967, 1975, 1975, 1975, 1975, 1975, 1976, 1976, 1976, 1976, 1977, 1977, 1977, 1977, 1977, 1978, 1979, 1979, 1981, 1982, 1982, 1982, 1982, 1982, 1982, 1983, 1985, 1985, 1986, 1986, 1986, 1986, 1986, 1988, 1990]","['chemical_mesh_d014290', 'chemical_mesh_c024307', 'chemical_mesh_d002046', 'chemical_mesh_c011550', 'chemical_mesh_d007528', 'chemical_mesh_c036089', 'chemical_mesh_c060897', 'chemical_mesh_c006034', 'chemical_mesh_c047411', 'chemical_mesh_c024523', 'chemical_mesh_d007556', 'chemical_mesh_c014382', 'chemical_mesh_d010665', 'chemical_mesh_c005157', 'chemical_mesh_d054199', 'chemical_mesh_d015103', 'chemical_mesh_d005039']","['Metipranolol', 'bucindolol', 'Bupranolol', 'talinolol', 'Isoetharine', 'nipradilol', 'ractopamine', 'befunolol', 'cimaterol', 'arotinolol', 'Isoxsuprine', 'carazolol', 'Phenylpropanolamine', 'methoxyphenamine', 'Pseudoephedrine', 'Droxidopa', 'Etilefrine']","[1970, 1980, 1969, 1975, 1958, 1982, 1989, 1974, 1985, 1979, 1956, 1977, 1928, 1948, 1929, 1948, 1950]","[1993, 1994, 1994, 1995, 2000, 2001, 2001, 2001, 2005, 2007, 2007, 2007, 2007, 2014, 2014, 2021, 2022]"
gene_2099,ESR1,1967,"['chemical_mesh_d004958', 'chemical_mesh_d002996', 'chemical_mesh_d004997', 'chemical_mesh_d008656', 'chemical_mesh_d003687', 'chemical_mesh_d004970', 'chemical_mesh_d004054', 'chemical_mesh_d009256', 'chemical_mesh_d064695', 'chemical_mesh_c519808', 'chemical_mesh_d013629', 'chemical_mesh_d006589', 'chemical_mesh_d004964', 'chemical_mesh_c006242', 'chemical_mesh_d009594', 'chemical_mesh_c016601', 'chemical_mesh_c009341', 'chemical_mesh_d003613', 'chemical_mesh_c014934', 'chemical_mesh_c004955', 'chemical_mesh_d020849', 'chemical_mesh_c017296', 'chemical_mesh_d017312', 'chemical_mesh_c038345', 'chemical_mesh_c044815', 'chemical_mesh_d017135']","['Estradiol', 'Clomiphene', 'Ethinyl Estradiol', 'Mestranol', 'Dehydroepiandrosterone', 'Estrone', 'Diethylstilbestrol', 'Nafoxidine', 'Enclomiphene', 'alfatradiol', 'Tamoxifen', 'Hexestrol', 'Estriol', 'mepitiostane', 'Nitromifene', 'afimoxifene', 'estriol succinate', 'Danazol', 'trioxifene', 'fosfestrol', 'Raloxifene Hydrochloride', 'estrone sulfate', 'Toremifene', 'droloxifene', 'etonogestrel', 'Desogestrel']","[1937, 1960, 1946, 1963, 1946, 1934, 1939, 1968, 1976, 1955, 1973, 1945, 1934, 1974, 1974, 1979, 1961, 1950, 1979, 1955, 1983, 1945, 1975, 1982, 1983, 1976]","[1969, 1971, 1973, 1973, 1975, 1975, 1975, 1976, 1976, 1976, 1976, 1977, 1977, 1978, 1979, 1980, 1980, 1981, 1983, 1983, 1984, 1984, 1985, 1985, 1990, 1990]","['chemical_mesh_c074283', 'chemical_mesh_d004857', 'chemical_mesh_d004028', 'chemical_mesh_d011800', 'chemical_mesh_d004953']","['estradiol 3-benzoate', 'Equilin', 'Dienestrol', 'Quinestrol', 'Estetrol']","[1937, 1936, 1944, 1966, 1968]","[1997, 1998, 2004, 2006, 2008]"
gene_7498,XDH,1950,['chemical_mesh_d000493'],['Allopurinol'],[1964],[1970],['chemical_mesh_d010117'],['Oxypurinol'],[1966],[1991]
gene_5617,PRL,1936,"['chemical_mesh_d001971', 'chemical_mesh_c006208']","['Bromocriptine', 'dironyl']","[1970, 1974]","[1971, 1983]",[],[],[],[]
gene_367,AR,1970,"['chemical_mesh_d013739', 'chemical_mesh_d013196', 'chemical_mesh_d017373', 'chemical_mesh_d009277', 'chemical_mesh_d003687', 'chemical_mesh_c021277', 'chemical_mesh_d005485', 'chemical_mesh_d008777', 'chemical_mesh_d003534', 'chemical_mesh_d002715', 'chemical_mesh_d005474', 'chemical_mesh_d003613', 'chemical_mesh_c100075', 'chemical_mesh_c005671', 'chemical_mesh_c004648', 'chemical_mesh_c016131', 'chemical_mesh_c013915', 'chemical_mesh_d010074']","['Testosterone', 'Dihydrotestosterone', 'Cyproterone Acetate', 'Nandrolone', 'Dehydroepiandrosterone', 'nilutamide', 'Flutamide', 'Methyltestosterone', 'Cyproterone', 'Chlormadinone Acetate', 'Fluoxymesterone', 'Danazol', 'mibolerone', 'oxendolone', 'testosterone enanthate', 'testosterone 17 beta-cypionate', 'boldenone', 'Oxandrolone']","[1936, 1954, 1966, 1953, 1946, 1979, 1966, 1939, 1966, 1955, 1957, 1950, 1976, 1975, 1954, 1951, 1957, 1962]","[1972, 1972, 1975, 1976, 1979, 1981, 1981, 1982, 1982, 1982, 1984, 1984, 1985, 1986, 1989, 1989, 1990, 1990]","['chemical_mesh_c053541', 'chemical_mesh_d043343', 'chemical_mesh_d013197', 'chemical_mesh_d008655', 'chemical_mesh_d014204', 'chemical_mesh_c010792', 'chemical_mesh_d008696', 'chemical_mesh_d008710', 'chemical_mesh_d010110']","['bicalutamide', 'Testosterone Propionate', 'Stanozolol', 'Mesterolone', 'Trenbolone Acetate', 'testosterone undecanoate', 'Methandrostenolone', 'Methenolone', 'Oxymetholone']","[1988, 1937, 1959, 1966, 1972, 1975, 1959, 1961, 1961]","[1992, 1993, 1997, 1998, 2001, 2003, 2009, 2019, 2019]"
gene_3251,HPRT1,1967,"['chemical_mesh_d013866', 'chemical_mesh_d015122']","['Thioguanine', 'Mercaptopurine']","[1955, 1953]","[1972, 1977]",[],[],[],[]
gene_3274,HRH2,1972,"['chemical_mesh_d008785', 'chemical_mesh_d006632', 'chemical_mesh_d002927', 'chemical_mesh_d011899', 'chemical_mesh_d017446', 'chemical_mesh_c027703', 'chemical_mesh_c027556', 'chemical_mesh_d001625', 'chemical_mesh_c023990', 'chemical_mesh_c036616', 'chemical_mesh_d015738', 'chemical_mesh_c045914', 'chemical_mesh_d016567', 'chemical_mesh_c053742', 'chemical_mesh_c062101']","['Metiamide', 'Histamine', 'Cimetidine', 'Ranitidine', 'Impromidine', 'oxmetidine', 'histamine phosphate', 'Betazole', 'tiotidine', 'etintidine', 'Famotidine', 'TZU 0460', 'Nizatidine', 'roxatidine acetate', 'sufotidine']","[1973, 1918, 1975, 1979, 1978, 1980, 1946, 1952, 1980, 1982, 1982, 1984, 1985, 1987, 1989]","[1973, 1974, 1975, 1979, 1979, 1980, 1980, 1980, 1981, 1982, 1985, 1986, 1988, 1988, 1989]",[],[],[],[]
gene_5241,PGR,1947,"['chemical_mesh_d011374', 'chemical_mesh_d002715', 'chemical_mesh_d011397', 'chemical_mesh_d009640', 'chemical_mesh_d008234', 'chemical_mesh_d005040', 'chemical_mesh_d017258', 'chemical_mesh_d016912', 'chemical_mesh_d004394', 'chemical_mesh_d019326', 'chemical_mesh_d019290', 'chemical_mesh_d015735', 'chemical_mesh_c023635', 'chemical_mesh_d003613', 'chemical_mesh_c044815', 'chemical_mesh_d008525', 'chemical_mesh_d000500', 'chemical_mesh_c033273', 'chemical_mesh_d017135', 'chemical_mesh_c024319', 'chemical_mesh_d008535', 'chemical_mesh_c053238', 'chemical_mesh_d009641']","['Progesterone', 'Chlormadinone Acetate', 'Promegestone', 'Norethindrone', 'Lynestrenol', 'Ethynodiol Diacetate', 'Medroxyprogesterone Acetate', 'Levonorgestrel', 'Dydrogesterone', '17-alpha-Hydroxyprogesterone', 'Megestrol Acetate', 'Mifepristone', 'dienogest', 'Danazol', 'etonogestrel', 'Medroxyprogesterone', 'Allylestrenol', 'Gestodene', 'Desogestrel', 'norethindrone enanthate', 'Megestrol', 'onapristone', 'Norethynodrel']","[1936, 1955, 1974, 1957, 1961, 1962, 1958, 1970, 1961, 1949, 1964, 1982, 1979, 1950, 1983, 1960, 1960, 1981, 1976, 1968, 1964, 1989, 1957]","[1973, 1973, 1975, 1975, 1977, 1977, 1978, 1979, 1979, 1979, 1980, 1982, 1983, 1983, 1983, 1984, 1985, 1987, 1987, 1987, 1988, 1990, 1990]","['chemical_mesh_c029167', 'chemical_mesh_c017576', 'chemical_mesh_c038501', 'chemical_mesh_d008524', 'chemical_mesh_c023445', 'chemical_mesh_d005866']","['ST 1435', 'norgestimate', 'nomegestrol acetate', 'Medrogestone', 'altrenogest', 'Gestonorone Caproate']","[1976, 1977, 1983, 1966, 1979, 1968]","[1991, 1992, 1994, 1998, 2012, 2020]"
gene_5140,PDE3B,1966,"['chemical_mesh_d013806', 'chemical_mesh_d010208', 'chemical_mesh_c011329', 'chemical_mesh_d003994', 'chemical_mesh_c050325', 'chemical_mesh_d000676', 'chemical_mesh_c021139', 'chemical_mesh_d000628', 'chemical_mesh_d002110', 'chemical_mesh_c042527', 'chemical_mesh_d017335', 'chemical_mesh_d020105']","['Theophylline', 'Papaverine', 'phthalazinol', 'Bucladesine', 'indolidan', 'Amrinone', 'anagrelide', 'Aminophylline', 'Caffeine', 'imazodan', 'Enoximone', 'Milrinone']","[1907, 1937, 1975, 1968, 1986, 1978, 1979, 1925, 1860, 1984, 1982, 1983]","[1974, 1975, 1976, 1982, 1986, 1986, 1987, 1987, 1988, 1989, 1989, 1990]",['chemical_mesh_c041667'],['vesnarinone'],[1984],[2009]
gene_2908,NR3C1,1972,"['chemical_mesh_d003907', 'chemical_mesh_d006854', 'chemical_mesh_d014222', 'chemical_mesh_d011239', 'chemical_mesh_d001623', 'chemical_mesh_d003348', 'chemical_mesh_d015735', 'chemical_mesh_d003899', 'chemical_mesh_d014221', 'chemical_mesh_d008775', 'chemical_mesh_c005924', 'chemical_mesh_c021988', 'chemical_mesh_d001507', 'chemical_mesh_c007734']","['Dexamethasone', 'Hydrocortisone', 'Triamcinolone Acetonide', 'Prednisolone', 'Betamethasone', 'Cortisone', 'Mifepristone', 'Desoximetasone', 'Triamcinolone', 'Methylprednisolone', 'cortivazol', 'deflazacort', 'Beclomethasone', 'flunisolide']","[1954, 1941, 1958, 1949, 1961, 1949, 1982, 1970, 1958, 1957, 1973, 1965, 1967, 1976]","[1975, 1975, 1977, 1978, 1981, 1982, 1983, 1983, 1985, 1985, 1985, 1986, 1990, 1990]","['chemical_mesh_d019819', 'chemical_mesh_d002990', 'chemical_mesh_c011731', 'chemical_mesh_d005448', 'chemical_mesh_c007975', 'chemical_mesh_d001624', 'chemical_mesh_c011175', 'chemical_mesh_c015912', 'chemical_mesh_c028994', 'chemical_mesh_c035287', 'chemical_mesh_c010893', 'chemical_mesh_d005469', 'chemical_mesh_c009935', 'chemical_mesh_c004180', 'chemical_mesh_c009022', 'chemical_mesh_d005446', 'chemical_mesh_c015808', 'chemical_mesh_c005900', 'chemical_mesh_d008776', 'chemical_mesh_d005443', 'chemical_mesh_c036266']","['Budesonide', 'Clobetasol', 'cloprednol', 'Fluocortolone', 'hydrocortisone-17-butyrate', 'Betamethasone Valerate', 'betamethasone-17,21-dipropionate', 'halopredone acetate', 'betamethasone sodium phosphate', 'prednicarbate', 'clobetasone butyrate', 'Fluorometholone', 'prednisolone acetate', 'dexamethasone 21-phosphate', 'prednisolone phosphate', 'Fluocinolone Acetonide', 'difluprednate', 'triamcinolone hexacetonide', 'Methylprednisolone Hemisuccinate', 'Flumethasone', 'prednylidene']","[1979, 1974, 1976, 1966, 1970, 1964, 1972, 1977, 1962, 1982, 1975, 1959, 1957, 1959, 1959, 1961, 1977, 1967, 1960, 1963, 1962]","[1991, 1993, 1996, 1996, 1997, 1997, 1997, 2001, 2001, 2003, 2005, 2007, 2007, 2008, 2008, 2009, 2010, 2012, 2012, 2014, 2022]"
gene_760,CA2,1952,"['chemical_mesh_d000086', 'chemical_mesh_d005016', 'chemical_mesh_d008704', 'chemical_mesh_c057921']","['Acetazolamide', 'Ethoxzolamide', 'Methazolamide', 'sezolamide']","[1952, 1958, 1958, 1988]","[1975, 1982, 1985, 1990]",['chemical_mesh_d004005'],['Dichlorphenamide'],[1957],[1997]
gene_3269,HRH1,1973,"['chemical_mesh_d006632', 'chemical_mesh_d002744', 'chemical_mesh_d016593', 'chemical_mesh_d011738', 'chemical_mesh_c004664', 'chemical_mesh_d000865', 'chemical_mesh_d014311', 'chemical_mesh_d014309', 'chemical_mesh_d016589', 'chemical_mesh_d002936', 'chemical_mesh_d004155', 'chemical_mesh_d011398', 'chemical_mesh_c049054', 'chemical_mesh_d004115', 'chemical_mesh_c020976', 'chemical_mesh_d007665', 'chemical_mesh_d004316', 'chemical_mesh_d017336', 'chemical_mesh_c006069', 'chemical_mesh_c006656', 'chemical_mesh_c043648', 'chemical_mesh_d017332', 'chemical_mesh_d001977', 'chemical_mesh_d006919']","['Histamine', 'Chlorpheniramine', 'Terfenadine', 'Pyrilamine', 'chloropyramine', 'Antazoline', 'Triprolidine', 'Tripelennamine', 'Astemizole', 'Cinnarizine', 'Diphenhydramine', 'Promethazine', 'temelastine', 'Dimethindene', 'azelastine', 'Ketotifen', 'Doxepin', 'Loratadine', 'mequitazine', 'azatadine', 'acrivastine', 'Cetirizine', 'Brompheniramine', 'Hydroxyzine']","[1918, 1879, 1975, 1947, 1954, 1946, 1957, 1946, 1955, 1960, 1945, 1948, 1986, 1960, 1979, 1977, 1964, 1984, 1975, 1972, 1985, 1987, 1958, 1956]","[1975, 1976, 1977, 1977, 1979, 1981, 1981, 1984, 1984, 1984, 1984, 1985, 1986, 1987, 1987, 1987, 1988, 1989, 1989, 1989, 1989, 1990, 1990, 1990]","['chemical_mesh_d008468', 'chemical_mesh_c047340', 'chemical_mesh_d003533', 'chemical_mesh_c005430', 'chemical_mesh_c043345', 'chemical_mesh_d010632', 'chemical_mesh_d014291', 'chemical_mesh_d001621', 'chemical_mesh_d008803', 'chemical_mesh_c020867', 'chemical_mesh_c018904', 'chemical_mesh_d004111', 'chemical_mesh_d002746', 'chemical_mesh_d004319', 'chemical_mesh_d009966']","['Meclizine', 'levocabastine', 'Cyproheptadine', 'phenindamine', 'emedastine', 'Pheniramine', 'Trimeprazine', 'Betahistine', 'Mianserin', 'bamipine', 'dexchlorpheniramine', 'Dimenhydrinate', 'Chlorpromazine', 'Doxylamine', 'Orphenadrine']","[1954, 1968, 1945, 1947, 1984, 1948, 1957, 1963, 1971, 1950, 1959, 1949, 1952, 1956, 1958]","[1991, 1991, 1991, 1991, 1994, 1994, 1995, 2001, 2007, 2007, 2008, 2009, 2011, 2014, 2014]"
gene_153,ADRB1,1975,"['chemical_mesh_d008790', 'chemical_mesh_d001262', 'chemical_mesh_d011433', 'chemical_mesh_d000526', 'chemical_mesh_d011217', 'chemical_mesh_d007545', 'chemical_mesh_d004837', 'chemical_mesh_d009638', 'chemical_mesh_c011550', 'chemical_mesh_d004280', 'chemical_mesh_d009248', 'chemical_mesh_c100227', 'chemical_mesh_d013015', 'chemical_mesh_d010096', 'chemical_mesh_d000070', 'chemical_mesh_d010394', 'chemical_mesh_d007741', 'chemical_mesh_d005039', 'chemical_mesh_d015784', 'chemical_mesh_c021148', 'chemical_mesh_d017307', 'chemical_mesh_c038931', 'chemical_mesh_c037293', 'chemical_mesh_d010869', 'chemical_mesh_d017272', 'chemical_mesh_d017298', 'chemical_mesh_c036007', 'chemical_mesh_d004809', 'chemical_mesh_d013999', 'chemical_mesh_c002989', 'chemical_mesh_c015340', 'chemical_mesh_c036604', 'chemical_mesh_c053708', 'chemical_mesh_c038616', 'chemical_mesh_d002354']","['Metoprolol', 'Atenolol', 'Propranolol', 'Alprenolol', 'Practolol', 'Isoproterenol', 'Epinephrine', 'Norepinephrine', 'talinolol', 'Dobutamine', 'Nadolol', 'tolamolol', 'Sotalol', 'Oxprenolol', 'Acebutolol', 'Penbutolol', 'Labetalol', 'Etilefrine', 'Betaxolol', 'bevantolol', 'Xamoterol', 'cetamolol', 'denopamine', 'Pindolol', 'Celiprolol', 'Bisoprolol', 'bopindolol', 'Ephedrine', 'Timolol', 'indenolol', 'mepindolol', 'esmolol', 'cicloprolol', 'epanolol', 'Carteolol']","[1974, 1972, 1964, 1968, 1968, 1946, 1903, 1947, 1975, 1974, 1975, 1973, 1967, 1967, 1947, 1972, 1971, 1950, 1979, 1975, 1983, 1983, 1983, 1969, 1978, 1984, 1982, 1925, 1972, 1972, 1975, 1982, 1987, 1984, 1974]","[1975, 1975, 1975, 1976, 1976, 1976, 1977, 1977, 1979, 1979, 1982, 1982, 1982, 1982, 1982, 1982, 1983, 1984, 1984, 1984, 1984, 1985, 1985, 1985, 1986, 1986, 1986, 1986, 1986, 1986, 1988, 1988, 1988, 1989, 1990]","['chemical_mesh_d000638', 'chemical_mesh_d010665', 'chemical_mesh_d002046', 'chemical_mesh_d002040', 'chemical_mesh_d054199', 'chemical_mesh_c047411', 'chemical_mesh_c024523']","['Amiodarone', 'Phenylpropanolamine', 'Bupranolol', 'Levobunolol', 'Pseudoephedrine', 'cimaterol', 'arotinolol']","[1967, 1928, 1969, 1957, 1929, 1985, 1979]","[1991, 1991, 1994, 1994, 1999, 2005, 2007]"
gene_4988,OPRM1,1945,"['chemical_mesh_d009020', 'chemical_mesh_d009270', 'chemical_mesh_d009271', 'chemical_mesh_d010111', 'chemical_mesh_d005283', 'chemical_mesh_d003061', 'chemical_mesh_d005036', 'chemical_mesh_c014481', 'chemical_mesh_d004091', 'chemical_mesh_d006853', 'chemical_mesh_d008614', 'chemical_mesh_d010423', 'chemical_mesh_c017114']","['Morphine', 'Naloxone', 'Naltrexone', 'Oxymorphone', 'Fentanyl', 'Codeine', 'Ethylmorphine', 'dihydrocodeine', 'Hydromorphone', 'Hydrocodone', 'Meperidine', 'Pentazocine', 'carfentanil']","[1826, 1965, 1973, 1956, 1963, 1888, 1904, 1948, 1937, 1946, 1942, 1964, 1978]","[1975, 1982, 1987, 1988, 1988, 1988, 1988, 1988, 1988, 1988, 1988, 1988, 1990]","['chemical_mesh_d004174', 'chemical_mesh_d008691', 'chemical_mesh_d008139', 'chemical_mesh_d015760', 'chemical_mesh_d017409', 'chemical_mesh_d003932', 'chemical_mesh_d010098', 'chemical_mesh_d005048', 'chemical_mesh_d002047', 'chemical_mesh_d014147', 'chemical_mesh_d007981', 'chemical_mesh_c038981', 'chemical_mesh_c032257', 'chemical_mesh_d002077', 'chemical_mesh_d009266', 'chemical_mesh_c010827']","['Diprenorphine', 'Methadone', 'Loperamide', 'Alfentanil', 'Sufentanil', 'Heroin', 'Oxycodone', 'Etorphine', 'Buprenorphine', 'Tramadol', 'Levorphanol', 'nalmefene', 'methylnaltrexone', 'Butorphanol', 'Nalbuphine', 'dezocine']","[1972, 1947, 1972, 1979, 1976, 1899, 1950, 1967, 1974, 1969, 1951, 1976, 1981, 1974, 1970, 1975]","[1991, 1991, 1993, 1996, 1997, 2000, 2000, 2002, 2003, 2004, 2007, 2008, 2008, 2019, 2021, 2022]"
gene_4129,MAOB,1928,"['chemical_mesh_d012642', 'chemical_mesh_d010293', 'chemical_mesh_d010624', 'chemical_mesh_d014191', 'chemical_mesh_d009526']","['Selegiline', 'Pargyline', 'Phenelzine', 'Tranylcypromine', 'Nialamide']","[1965, 1961, 1959, 1959, 1959]","[1975, 1979, 1979, 1979, 1989]","['chemical_mesh_d007490', 'chemical_mesh_d010645', 'chemical_mesh_d007520']","['Iproniazid', 'Phentermine', 'Isocarboxazid']","[1953, 1960, 1959]","[1996, 1999, 2000]"
gene_763,CA5A,1830,['chemical_mesh_d000086'],['Acetazolamide'],[1952],[1976],"['chemical_mesh_c057921', 'chemical_mesh_d005016']","['sezolamide', 'Ethoxzolamide']","[1988, 1958]","[1994, 1994]"
gene_100,ADA,1942,['chemical_mesh_d015649'],['Pentostatin'],[1976],[1976],[],[],[],[]
gene_7173,TPO,1959,"['chemical_mesh_d011441', 'chemical_mesh_d008713', 'chemical_mesh_d002231']","['Propylthiouracil', 'Methimazole', 'Carbimazole']","[1946, 1949, 1953]","[1976, 1976, 1976]",['chemical_mesh_d008779'],['Methylthiouracil'],[1945],[2021]
gene_4306,NR3C2,1976,"['chemical_mesh_d000450', 'chemical_mesh_d003900', 'chemical_mesh_d013148', 'chemical_mesh_d002191']","['Aldosterone', 'Desoxycorticosterone', 'Spironolactone', 'Canrenoic Acid']","[1950, 1941, 1958, 1964]","[1976, 1976, 1976, 1976]","['chemical_mesh_d002192', 'chemical_mesh_d005438', 'chemical_mesh_d014223', 'chemical_mesh_d064791']","['Canrenone', 'Fludrocortisone', 'Triamterene', 'Desoxycorticosterone Acetate']","[1964, 1955, 1961, 1938]","[1991, 1991, 1999, 2007]"
gene_1636,ACE,1949,"['chemical_mesh_d013722', 'chemical_mesh_d004656', 'chemical_mesh_d017706', 'chemical_mesh_d015773', 'chemical_mesh_c038810', 'chemical_mesh_d017257', 'chemical_mesh_c047759', 'chemical_mesh_d020913', 'chemical_mesh_d017315', 'chemical_mesh_c044946', 'chemical_mesh_c052133', 'chemical_mesh_c038812', 'chemical_mesh_d017328', 'chemical_mesh_c052035', 'chemical_mesh_c054501', 'chemical_mesh_c052555', 'chemical_mesh_c054518']","['Teprotide', 'Enalapril', 'Lisinopril', 'Enalaprilat', 'CGS 13945', 'Ramipril', 'delapril', 'Perindopril', 'Cilazapril', 'benazepril', 'benazeprilat', 'Indolapril', 'Fosinopril', 'trandolapril', 'quinaprilat', 'spirapril', 'ceronapril']","[1973, 1981, 1982, 1982, 1983, 1984, 1985, 1985, 1985, 1985, 1987, 1983, 1985, 1987, 1987, 1987, 1989]","[1977, 1981, 1982, 1982, 1983, 1984, 1985, 1986, 1986, 1987, 1987, 1987, 1988, 1989, 1989, 1989, 1990]",[],[],[],[]
gene_18,ABAT,1961,"['chemical_mesh_d020888', 'chemical_mesh_d014635']","['Vigabatrin', 'Valproic Acid']","[1977, 1967]","[1977, 1978]",[],[],[],[]
gene_887,CCKBR,1976,['chemical_mesh_d010418'],['Pentagastrin'],[1967],[1977],[],[],[],[]
gene_1584,CYP11B1,1965,"['chemical_mesh_d008797', 'chemical_mesh_d007654']","['Metyrapone', 'Ketoconazole']","[1959, 1978]","[1977, 1990]",[],[],[],[]
gene_4128,MAOA,1978,"['chemical_mesh_d003010', 'chemical_mesh_d010293', 'chemical_mesh_d010624', 'chemical_mesh_d014191', 'chemical_mesh_c026234', 'chemical_mesh_c009830', 'chemical_mesh_d020912', 'chemical_mesh_c038213', 'chemical_mesh_c010798', 'chemical_mesh_d009526']","['Clorgyline', 'Pargyline', 'Phenelzine', 'Tranylcypromine', 'cimoxatone', 'pirlindole', 'Moclobemide', 'brofaromine', 'toloxatone', 'Nialamide']","[1969, 1961, 1959, 1959, 1980, 1975, 1982, 1983, 1975, 1959]","[1979, 1979, 1979, 1979, 1983, 1983, 1983, 1987, 1988, 1989]","['chemical_mesh_d007490', 'chemical_mesh_d010645', 'chemical_mesh_d007520']","['Iproniazid', 'Phentermine', 'Isocarboxazid']","[1953, 1960, 1959]","[1996, 1999, 2000]"
gene_7299,TYR,1906,['chemical_mesh_c031927'],['hydroquinone'],[1919],[1980],[],[],[],[]
gene_3156,HMGCR,1970,"['chemical_mesh_d008148', 'chemical_mesh_d017035', 'chemical_mesh_d019821']","['Lovastatin', 'Pravastatin', 'Simvastatin']","[1979, 1986, 1986]","[1980, 1986, 1987]",[],[],[],[]
gene_6532,SLC6A4,1980,"['chemical_mesh_d007099', 'chemical_mesh_d017374', 'chemical_mesh_d002997', 'chemical_mesh_d000639', 'chemical_mesh_d005473', 'chemical_mesh_d015283', 'chemical_mesh_d003891', 'chemical_mesh_c025293', 'chemical_mesh_d016666', 'chemical_mesh_d008454']","['Imipramine', 'Paroxetine', 'Clomipramine', 'Amitriptyline', 'Fluoxetine', 'Citalopram', 'Desipramine', 'alaproclate', 'Fluvoxamine', 'Mazindol']","[1958, 1969, 1964, 1960, 1974, 1977, 1961, 1977, 1977, 1970]","[1980, 1987, 1987, 1987, 1987, 1987, 1988, 1988, 1988, 1989]","['chemical_mesh_d020280', 'chemical_mesh_d005277', 'chemical_mesh_d018817', 'chemical_mesh_d008694', 'chemical_mesh_d020372', 'chemical_mesh_d009661', 'chemical_mesh_d014196', 'chemical_mesh_d010645', 'chemical_mesh_d014299', 'chemical_mesh_c058254', 'chemical_mesh_d004316', 'chemical_mesh_c020852', 'chemical_mesh_d000657']","['Sertraline', 'Fenfluramine', 'N-Methyl-3,4-methylenedioxyamphetamine', 'Methamphetamine', 'Dexfenfluramine', 'Nortriptyline', 'Trazodone', 'Phentermine', 'Trimipramine', 'sibutramine', 'Doxepin', 'indeloxazine', 'Amoxapine']","[1983, 1954, 1975, 1945, 1975, 1962, 1970, 1960, 1961, 1988, 1964, 1979, 1972]","[1991, 1992, 1993, 1993, 1994, 1996, 2002, 2003, 2006, 2007, 2013, 2015, 2021]"
gene_3356,HTR2A,1980,"['chemical_mesh_d007650', 'chemical_mesh_d008784', 'chemical_mesh_d008803', 'chemical_mesh_d010918', 'chemical_mesh_d002746', 'chemical_mesh_d016713', 'chemical_mesh_d003024', 'chemical_mesh_d005277', 'chemical_mesh_c045359', 'chemical_mesh_d014196']","['Ketanserin', 'Methysergide', 'Mianserin', 'Pizotyline', 'Chlorpromazine', 'Ritanserin', 'Clozapine', 'Fenfluramine', 'setoperone', 'Trazodone']","[1980, 1960, 1971, 1967, 1952, 1985, 1970, 1954, 1985, 1970]","[1981, 1981, 1983, 1984, 1984, 1987, 1989, 1989, 1990, 1990]","['chemical_mesh_d018967', 'chemical_mesh_d020117', 'chemical_mesh_d009257', 'chemical_mesh_c042709', 'chemical_mesh_d008152', 'chemical_mesh_d009888']","['Risperidone', 'Cisapride', 'Nafronyl', 'tiospirone', 'Loxapine', 'Opipramol']","[1988, 1984, 1968, 1985, 1969, 1961]","[1993, 1993, 1994, 1995, 1997, 2004]"
gene_1812,DRD1,1981,"['chemical_mesh_d004298', 'chemical_mesh_d001058', 'chemical_mesh_d005475', 'chemical_mesh_d002069', 'chemical_mesh_d018818', 'chemical_mesh_d007980']","['Dopamine', 'Apomorphine', 'Flupenthixol', 'Butaclamol', 'Fenoldopam', 'Levodopa']","[1941, 1872, 1964, 1975, 1982, 1926]","[1981, 1983, 1983, 1989, 1989, 1990]","['chemical_mesh_d010479', 'chemical_mesh_c052143', 'chemical_mesh_c023487', 'chemical_mesh_d003006']","['Pergolide', 'docarpamine', 'ibopamine', 'Clopenthixol']","[1979, 1986, 1980, 1962]","[1995, 2002, 2002, 2020]"
gene_1813,DRD2,1976,"['chemical_mesh_c030265', 'chemical_mesh_d002746', 'chemical_mesh_d013469', 'chemical_mesh_d004298', 'chemical_mesh_d002069', 'chemical_mesh_d013134', 'chemical_mesh_d008787', 'chemical_mesh_d008090', 'chemical_mesh_d006220', 'chemical_mesh_d001058', 'chemical_mesh_d010868', 'chemical_mesh_d017330', 'chemical_mesh_c047508', 'chemical_mesh_d007980', 'chemical_mesh_c078143', 'chemical_mesh_d010479', 'chemical_mesh_d001971', 'chemical_mesh_d004294', 'chemical_mesh_d005476', 'chemical_mesh_d005475', 'chemical_mesh_d020891', 'chemical_mesh_d002065', 'chemical_mesh_d019257', 'chemical_mesh_d004329', 'chemical_mesh_c014417', 'chemical_mesh_d011346', 'chemical_mesh_d025443', 'chemical_mesh_c047726', 'chemical_mesh_d010546', 'chemical_mesh_c008522', 'chemical_mesh_c024763', 'chemical_mesh_d013881', 'chemical_mesh_d018967']","['nemonapride', 'Chlorpromazine', 'Sulpiride', 'Dopamine', 'Butaclamol', 'Spiperone', 'Metoclopramide', 'Lisuride', 'Haloperidol', 'Apomorphine', 'Pimozide', 'Remoxipride', 'rotigotine', 'Levodopa', 'levosulpiride', 'Pergolide', 'Bromocriptine', 'Domperidone', 'Fluphenazine', 'Flupenthixol', 'Raclopride', 'Buspirone', 'Quinpirole', 'Droperidol', 'clebopride', 'Prochlorperazine', 'Dihydroergocryptine', 'quinelorane', 'Perphenazine', 'metylperon', 'talipexole', 'Thioridazine', 'Risperidone']","[1981, 1952, 1967, 1941, 1975, 1963, 1964, 1963, 1958, 1872, 1968, 1984, 1985, 1926, 1979, 1979, 1970, 1977, 1959, 1964, 1985, 1975, 1985, 1963, 1977, 1957, 1967, 1986, 1957, 1965, 1981, 1958, 1988]","[1981, 1981, 1981, 1981, 1982, 1982, 1983, 1983, 1983, 1983, 1984, 1985, 1985, 1985, 1985, 1985, 1985, 1985, 1985, 1985, 1986, 1986, 1986, 1987, 1988, 1989, 1989, 1989, 1989, 1989, 1990, 1990, 1990]","['chemical_mesh_c046650', 'chemical_mesh_d010891', 'chemical_mesh_c011825', 'chemical_mesh_d008728', 'chemical_mesh_d002749', 'chemical_mesh_d008152', 'chemical_mesh_d014268', 'chemical_mesh_d063325', 'chemical_mesh_c005260', 'chemical_mesh_c033563', 'chemical_mesh_c023487', 'chemical_mesh_d001544', 'chemical_mesh_c006820', 'chemical_mesh_d008972', 'chemical_mesh_c022172', 'chemical_mesh_c005569', 'chemical_mesh_c006208', 'chemical_mesh_d003006', 'chemical_mesh_c031875', 'chemical_mesh_d011395', 'chemical_mesh_d010464']","['quinagolide', 'Piribedil', 'fluphenazine depot', 'Methotrimeprazine', 'Chlorprothixene', 'Loxapine', 'Trifluoperazine', 'Tiapride Hydrochloride', 'metopimazine', 'haloperidol decanoate', 'ibopamine', 'Benperidol', 'bromperidol', 'Molindone', 'zotepine', 'pipamperone', 'dironyl', 'Clopenthixol', 'lergotrile', 'Promazine', 'Perazine']","[1987, 1969, 1968, 1957, 1959, 1969, 1958, 1962, 1967, 1980, 1980, 1963, 1974, 1967, 1979, 1961, 1974, 1962, 1974, 1955, 1959]","[1992, 1992, 1993, 1993, 1993, 1993, 1993, 1993, 1993, 1995, 1995, 1996, 1996, 1997, 2000, 2000, 2001, 2006, 2007, 2010, 2010]"
gene_7067,THRA,1948,['chemical_mesh_d014284'],['Triiodothyronine'],[1952],[1981],"['chemical_mesh_d013974', 'chemical_mesh_c010642']","['Thyroxine', ""3,3',5-triiodothyroacetic acid""]","[1921, 1954]","[1994, 2001]"
gene_7421,VDR,1980,"['chemical_mesh_d002117', 'chemical_mesh_d002762', 'chemical_mesh_d015650', 'chemical_mesh_d002112']","['Calcitriol', 'Cholecalciferol', '24,25-Dihydroxyvitamin D 3', 'Calcifediol']","[1971, 1946, 1972, 1968]","[1981, 1982, 1990, 1990]","['chemical_mesh_c055085', 'chemical_mesh_d004097', 'chemical_mesh_c051883', 'chemical_mesh_c008088', 'chemical_mesh_d004872']","['calcipotriene', 'Dihydrotachysterol', 'maxacalcitol', 'alfacalcidol', 'Ergocalciferols']","[1988, 1938, 1976, 1973, 1927]","[1991, 1993, 1993, 1993, 1996]"
gene_231,AKR1B1,1960,"['chemical_mesh_c026411', 'chemical_mesh_c040550', 'chemical_mesh_c042829', 'chemical_mesh_c038131']","['sorbinil', 'tolrestat', 'ponalrestat', 'epalrestat']","[1979, 1984, 1975, 1976]","[1981, 1984, 1987, 1987]",[],[],[],[]
gene_1128,CHRM1,1970,"['chemical_mesh_d000109', 'chemical_mesh_d010890', 'chemical_mesh_d001285', 'chemical_mesh_d002217']","['Acetylcholine', 'Pirenzepine', 'Atropine', 'Carbachol']","[1914, 1977, 1868, 1940]","[1981, 1988, 1988, 1988]","['chemical_mesh_d009241', 'chemical_mesh_d002746', 'chemical_mesh_d004025', 'chemical_mesh_d014282', 'chemical_mesh_d012601', 'chemical_mesh_c005419']","['Ipratropium', 'Chlorpromazine', 'Dicyclomine', 'Trihexyphenidyl', 'Scopolamine', 'oxybutynin']","[1972, 1952, 1951, 1949, 1885, 1965]","[1993, 2003, 2016, 2017, 2017, 2022]"
gene_1137,CHRNA4,1981,"['chemical_mesh_d000109', 'chemical_mesh_d009538', 'chemical_mesh_d010197', 'chemical_mesh_d014403']","['Acetylcholine', 'Nicotine', 'Pancuronium', 'Tubocurarine']","[1914, 1868, 1967, 1943]","[1981, 1989, 1989, 1989]","['chemical_mesh_d008464', 'chemical_mesh_d018738', 'chemical_mesh_d008120', 'chemical_mesh_d014673', 'chemical_mesh_d001279']","['Mecamylamine', 'Hexamethonium', 'Lobeline', 'Vecuronium Bromide', 'Atracurium']","[1955, 1905, 1927, 1979, 1981]","[1991, 1993, 1997, 2005, 2006]"
gene_4986,OPRK1,1972,"['chemical_mesh_c012395', 'chemical_mesh_d009270', 'chemical_mesh_d002077', 'chemical_mesh_d009266', 'chemical_mesh_d004174', 'chemical_mesh_d005048', 'chemical_mesh_d010423', 'chemical_mesh_d002047']","['ketazocine', 'Naloxone', 'Butorphanol', 'Nalbuphine', 'Diprenorphine', 'Etorphine', 'Pentazocine', 'Buprenorphine']","[1976, 1965, 1974, 1970, 1972, 1967, 1964, 1974]","[1982, 1982, 1985, 1985, 1985, 1987, 1989, 1989]","['chemical_mesh_d009271', 'chemical_mesh_d009269', 'chemical_mesh_c038981', 'chemical_mesh_d003496', 'chemical_mesh_d008139', 'chemical_mesh_d014287', 'chemical_mesh_d010098', 'chemical_mesh_c010827']","['Naltrexone', 'Nalorphine', 'nalmefene', 'Cyclazocine', 'Loperamide', 'Trimebutine', 'Oxycodone', 'dezocine']","[1973, 1950, 1976, 1965, 1972, 1971, 1950, 1975]","[1992, 1997, 1998, 1999, 1999, 1999, 2001, 2006]"
gene_5732,PTGER2,1963,['chemical_mesh_d015232'],['Dinoprostone'],[1964],[1982],"['chemical_mesh_c016767', 'chemical_mesh_d016595', 'chemical_mesh_d016630', 'chemical_mesh_d016620']","['sulprostone', 'Misoprostol', 'Rioprostil', 'Enprostil']","[1977, 1976, 1985, 1985]","[1991, 1993, 1993, 2002]"
gene_262,AMD1,1982,['chemical_mesh_d008935'],['Mitoguazone'],[1955],[1982],[],[],[],[]
gene_759,CA1,1953,"['chemical_mesh_d000086', 'chemical_mesh_d005016', 'chemical_mesh_d008704']","['Acetazolamide', 'Ethoxzolamide', 'Methazolamide']","[1952, 1958, 1958]","[1982, 1983, 1987]","['chemical_mesh_c057921', 'chemical_mesh_d004005']","['sezolamide', 'Dichlorphenamide']","[1988, 1957]","[1994, 1997]"
gene_240,ALOX5,1980,"['chemical_mesh_c011677', 'chemical_mesh_c035296', 'chemical_mesh_c036837', 'chemical_mesh_c045954']","['benoxaprofen', 'piriprost', '2,3,5-trimethyl-6-(12-hydroxy-5,10-dodecadiynyl)-1,4-benzoquinone', 'RS 43179']","[1975, 1983, 1982, 1985]","[1983, 1983, 1985, 1989]",['chemical_mesh_c015408'],['oxatomide'],[1977],[1993]
gene_3614,IMPDH1,1961,['chemical_mesh_c033706'],['tiazofurin'],[1981],[1983],['chemical_mesh_d009173'],['Mycophenolic Acid'],[1933],[1991]
gene_3818,KLKB1,1965,['chemical_mesh_d016670'],['Gabexate'],[1975],[1983],[],[],[],[]
gene_146,ADRA1D,1963,"['chemical_mesh_d010656', 'chemical_mesh_d009638', 'chemical_mesh_d011224', 'chemical_mesh_d010646', 'chemical_mesh_d008729', 'chemical_mesh_d004837', 'chemical_mesh_c041226', 'chemical_mesh_d014043', 'chemical_mesh_d017292', 'chemical_mesh_d007741']","['Phenylephrine', 'Norepinephrine', 'Prazosin', 'Phentolamine', 'Methoxamine', 'Epinephrine', 'Terazosin', 'Tolazoline', 'Doxazosin', 'Labetalol']","[1944, 1947, 1970, 1950, 1949, 1903, 1981, 1945, 1980, 1971]","[1983, 1983, 1983, 1983, 1985, 1985, 1986, 1987, 1989, 1989]","['chemical_mesh_d007217', 'chemical_mesh_c015568', 'chemical_mesh_d010643', 'chemical_mesh_c018176', 'chemical_mesh_d009278', 'chemical_mesh_d009530']","['Indoramin', 'urapidil', 'Phenoxybenzamine', 'bunazosin', 'Naphazoline', 'Nicergoline']","[1970, 1977, 1953, 1977, 1947, 1971]","[1992, 1993, 1998, 1998, 1999, 2014]"
gene_1800,DPEP1,1947,['chemical_mesh_d015377'],['Cilastatin'],[1983],[1983],[],[],[],[]
gene_1588,CYP19A1,1964,"['chemical_mesh_d000616', 'chemical_mesh_c014594', 'chemical_mesh_c033071', 'chemical_mesh_d017316']","['Aminoglutethimide', 'formestane', 'plomestane', 'Fadrozole']","[1959, 1977, 1981, 1987]","[1983, 1983, 1988, 1990]","['chemical_mesh_c060523', 'chemical_mesh_d013738']","['vorozole', 'Testolactone']","[1989, 1960]","[1994, 1997]"
gene_2147,F2,1913,['chemical_mesh_c031942'],['argatroban'],[1983],[1983],[],[],[],[]
gene_5021,OXTR,1973,['chemical_mesh_d010121'],['Oxytocin'],[1932],[1984],[],[],[],[]
gene_7068,THRB,1974,"['chemical_mesh_d014284', 'chemical_mesh_c010642', 'chemical_mesh_d013974']","['Triiodothyronine', ""3,3',5-triiodothyroacetic acid"", 'Thyroxine']","[1952, 1954, 1921]","[1984, 1990, 1990]",['chemical_mesh_d003918'],['Dextrothyroxine'],[1953],[1992]
gene_779,CACNA1S,1984,"['chemical_mesh_d014700', 'chemical_mesh_d005711', 'chemical_mesh_d004110', 'chemical_mesh_d009568', 'chemical_mesh_c038806', 'chemical_mesh_d015764', 'chemical_mesh_d009543', 'chemical_mesh_d009529', 'chemical_mesh_d015737', 'chemical_mesh_d017275', 'chemical_mesh_d017311']","['Verapamil', 'Gallopamil', 'Diltiazem', 'Nitrendipine', '1,4-dihydropyridine', 'Bepridil', 'Nifedipine', 'Nicardipine', 'Nisoldipine', 'Isradipine', 'Amlodipine']","[1963, 1957, 1971, 1981, 1965, 1977, 1972, 1975, 1980, 1983, 1986]","[1984, 1984, 1984, 1984, 1986, 1986, 1987, 1987, 1987, 1988, 1989]",['chemical_mesh_d015736'],['Felodipine'],[1981],[1998]
gene_7153,TOP2A,1978,"['chemical_mesh_d000677', 'chemical_mesh_d005047', 'chemical_mesh_d013713', 'chemical_mesh_d004317']","['Amsacrine', 'Etoposide', 'Teniposide', 'Doxorubicin']","[1974, 1972, 1970, 1969]","[1984, 1987, 1988, 1989]","['chemical_mesh_d008942', 'chemical_mesh_d003630', 'chemical_mesh_d015250', 'chemical_mesh_c040313', 'chemical_mesh_c037020', 'chemical_mesh_d017290', 'chemical_mesh_c050637', 'chemical_mesh_d015255', 'chemical_mesh_d064730', 'chemical_mesh_d015251', 'chemical_mesh_c061400', 'chemical_mesh_c027260']","['Mitoxantrone', 'Daunorubicin', 'Aclarubicin', 'fostriecin', 'amonafide', 'Menogaril', 'losoxantrone', 'Idarubicin', 'Dexrazoxane', 'Epirubicin', 'etoposide phosphate', 'pirarubicin']","[1978, 1963, 1977, 1983, 1982, 1979, 1986, 1976, 1974, 1975, 1983, 1974]","[1993, 1993, 1994, 1994, 1995, 1997, 2000, 2001, 2002, 2003, 2020, 2022]"
gene_3283,HSD3B1,1960,['chemical_mesh_c009954'],['trilostane'],[1978],[1984],[],[],[],[]
gene_107,ADCY1,1962,['chemical_mesh_d005576'],['Colforsin'],[1978],[1985],[],[],[],[]
gene_135,ADORA2A,1985,"['chemical_mesh_d000241', 'chemical_mesh_d000255']","['Adenosine', 'Adenosine Triphosphate']","[1931, 1937]","[1985, 1989]","['chemical_mesh_d000249', 'chemical_mesh_d002110', 'chemical_mesh_c034347', 'chemical_mesh_c026189']","['Adenosine Monophosphate', 'Caffeine', 'enprofylline', 'caffeine citrate']","[1935, 1860, 1981, 1946]","[1994, 1995, 2000, 2011]"
gene_3350,HTR1A,1974,"['chemical_mesh_d002065', 'chemical_mesh_c043077', 'chemical_mesh_d008784', 'chemical_mesh_d010918', 'chemical_mesh_c039979', 'chemical_mesh_c056895', 'chemical_mesh_c055267', 'chemical_mesh_d004878', 'chemical_mesh_c033600']","['Buspirone', 'ipsapirone', 'Methysergide', 'Pizotyline', 'gepirone', 'flesinoxan', 'tandospirone', 'Ergotamine', 'indorenate']","[1975, 1984, 1960, 1967, 1985, 1988, 1987, 1911, 1981]","[1985, 1985, 1987, 1988, 1988, 1989, 1989, 1989, 1990]",['chemical_mesh_c042709'],['tiospirone'],[1985],[1998]
gene_6557,SLC12A1,1964,"['chemical_mesh_d005665', 'chemical_mesh_d002034']","['Furosemide', 'Bumetanide']","[1964, 1972]","[1985, 1990]","['chemical_mesh_d004976', 'chemical_mesh_c015451']","['Ethacrynic Acid', 'piretanide']","[1935, 1978]","[1995, 2013]"
gene_3098,HK1,1945,['chemical_mesh_c016371'],['lonidamine'],[1976],[1985],[],[],[],[]
gene_1728,NQO1,1959,['chemical_mesh_d014859'],['Warfarin'],[1950],[1985],['chemical_mesh_d000074'],['Acenocoumarol'],[1955],[2017]
gene_761,CA3,1927,"['chemical_mesh_d000086', 'chemical_mesh_d008704', 'chemical_mesh_d005016']","['Acetazolamide', 'Methazolamide', 'Ethoxzolamide']","[1952, 1958, 1958]","[1985, 1987, 1990]",['chemical_mesh_c057921'],['sezolamide'],[1988],[1994]
gene_495,ATP4A,1970,"['chemical_mesh_d009853', 'chemical_mesh_c038402']","['Omeprazole', 'timoprazole']","[1982, 1983]","[1986, 1986]",[],[],[],[]
gene_1583,CYP11A1,1976,['chemical_mesh_d007654'],['Ketoconazole'],[1978],[1986],[],[],[],[]
gene_765,CA6,1978,"['chemical_mesh_d000086', 'chemical_mesh_d008704']","['Acetazolamide', 'Methazolamide']","[1952, 1958]","[1987, 1987]",[],[],[],[]
gene_1131,CHRM3,1967,"['chemical_mesh_d000109', 'chemical_mesh_d001285', 'chemical_mesh_d002217', 'chemical_mesh_d016210', 'chemical_mesh_d010890', 'chemical_mesh_d004025', 'chemical_mesh_d012601']","['Acetylcholine', 'Atropine', 'Carbachol', 'Methacholine Chloride', 'Pirenzepine', 'Dicyclomine', 'Scopolamine']","[1914, 1868, 1940, 1935, 1977, 1951, 1885]","[1987, 1988, 1990, 1990, 1990, 1990, 1990]","['chemical_mesh_d010862', 'chemical_mesh_d009241', 'chemical_mesh_c005419', 'chemical_mesh_c004858', 'chemical_mesh_d014331', 'chemical_mesh_d018723', 'chemical_mesh_c006649', 'chemical_mesh_c059240', 'chemical_mesh_d006024', 'chemical_mesh_d002746', 'chemical_mesh_d014282', 'chemical_mesh_d001712']","['Pilocarpine', 'Ipratropium', 'oxybutynin', 'diphenidol', 'Tropicamide', 'Bethanechol', 'methylatropine', 'cevimeline', 'Glycopyrrolate', 'Chlorpromazine', 'Trihexyphenidyl', 'Biperiden']","[1878, 1972, 1965, 1965, 1960, 1947, 1936, 1988, 1962, 1952, 1949, 1955]","[1991, 1991, 1999, 1999, 2002, 2003, 2004, 2007, 2009, 2016, 2017, 2021]"
gene_5914,RARA,1966,"['chemical_mesh_d014212', 'chemical_mesh_d014801', 'chemical_mesh_d015474']","['Tretinoin', 'Vitamin A', 'Isotretinoin']","[1946, 1920, 1947]","[1988, 1989, 1989]","['chemical_mesh_d017313', 'chemical_mesh_c009166', 'chemical_mesh_d005050', 'chemical_mesh_d017255', 'chemical_mesh_c014794']","['Fenretinide', 'retinol acetate', 'Etretinate', 'Acitretin', 'retinol palmitate']","[1979, 1948, 1975, 1976, 1940]","[1993, 1994, 1994, 1995, 1996]"
gene_3358,HTR2C,1986,"['chemical_mesh_d008784', 'chemical_mesh_d008803', 'chemical_mesh_d016713', 'chemical_mesh_d010918', 'chemical_mesh_d003024']","['Methysergide', 'Mianserin', 'Ritanserin', 'Pizotyline', 'Clozapine']","[1960, 1971, 1985, 1967, 1970]","[1988, 1988, 1989, 1989, 1990]","['chemical_mesh_d005277', 'chemical_mesh_d014196', 'chemical_mesh_c042709', 'chemical_mesh_d002746']","['Fenfluramine', 'Trazodone', 'tiospirone', 'Chlorpromazine']","[1954, 1970, 1985, 1952]","[1994, 1994, 2000, 2000]"
gene_5972,REN,1940,['chemical_mesh_c056622'],['enalkiren'],[1988],[1988],[],[],[],[]
gene_6915,TBXA2R,1980,"['chemical_mesh_c051762', 'chemical_mesh_c040624', 'chemical_mesh_c011581', 'chemical_mesh_c060013']","['daltroban', 'sulotroban', 'picotamide', 'vapiprost']","[1986, 1984, 1978, 1989]","[1989, 1989, 1989, 1990]","['chemical_mesh_c063119', 'chemical_mesh_c060219']","['ramatroban', 'ridogrel']","[1989, 1989]","[1991, 1992]"
gene_6531,SLC6A3,1960,"['chemical_mesh_d008454', 'chemical_mesh_d000661', 'chemical_mesh_d003913']","['Mazindol', 'Amphetamine', 'Dextroamphetamine']","[1970, 1940, 1946]","[1989, 1989, 1989]","['chemical_mesh_d016642', 'chemical_mesh_d018817', 'chemical_mesh_d008694', 'chemical_mesh_d008774', 'chemical_mesh_d004053', 'chemical_mesh_d010645', 'chemical_mesh_c058254', 'chemical_mesh_d010633']","['Bupropion', 'N-Methyl-3,4-methylenedioxyamphetamine', 'Methamphetamine', 'Methylphenidate', 'Diethylpropion', 'Phentermine', 'sibutramine', 'Phenmetrazine']","[1977, 1975, 1945, 1954, 1959, 1960, 1988, 1953]","[1993, 1993, 1993, 1995, 2000, 2013, 2014, 2016]"
gene_3351,HTR1B,1985,"['chemical_mesh_d018170', 'chemical_mesh_d004878', 'chemical_mesh_d010918', 'chemical_mesh_d004087']","['Sumatriptan', 'Ergotamine', 'Pizotyline', 'Dihydroergotamine']","[1988, 1911, 1967, 1945]","[1989, 1989, 1989, 1989]",[],[],[],[]
gene_3352,HTR1D,1988,"['chemical_mesh_d018170', 'chemical_mesh_d004087', 'chemical_mesh_d004878', 'chemical_mesh_d005277']","['Sumatriptan', 'Dihydroergotamine', 'Ergotamine', 'Fenfluramine']","[1988, 1945, 1911, 1954]","[1989, 1989, 1989, 1989]",['chemical_mesh_d010918'],['Pizotyline'],[1967],[1996]
gene_5916,RARG,1981,"['chemical_mesh_d014212', 'chemical_mesh_d015474']","['Tretinoin', 'Isotretinoin']","[1946, 1947]","[1989, 1990]","['chemical_mesh_d014801', 'chemical_mesh_d017313', 'chemical_mesh_d005050', 'chemical_mesh_d017255', 'chemical_mesh_c014794']","['Vitamin A', 'Fenretinide', 'Etretinate', 'Acitretin', 'retinol palmitate']","[1920, 1979, 1975, 1976, 1940]","[1992, 1994, 1994, 1997, 2013]"
gene_4311,MME,1919,['chemical_mesh_c049331'],['racecadotril'],[1986],[1989],[],[],[],[]
gene_279,AMY2A,1948,['chemical_mesh_d020909'],['Acarbose'],[1979],[1989],[],[],[],[]
gene_55811,ADCY10,1975,['chemical_mesh_d005576'],['Colforsin'],[1978],[1989],[],[],[],[]
gene_2100,ESR2,1915,['chemical_mesh_d004958'],['Estradiol'],[1937],[1990],"['chemical_mesh_d013629', 'chemical_mesh_d004054', 'chemical_mesh_d004970', 'chemical_mesh_d020849', 'chemical_mesh_c016601', 'chemical_mesh_c017296', 'chemical_mesh_d004964']","['Tamoxifen', 'Diethylstilbestrol', 'Estrone', 'Raloxifene Hydrochloride', 'afimoxifene', 'estrone sulfate', 'Estriol']","[1973, 1939, 1934, 1983, 1979, 1945, 1934]","[2002, 2004, 2004, 2006, 2012, 2017, 2021]"
gene_1312,COMT,1958,['chemical_mesh_c057364'],['nitecapone'],[1988],[1990],[],[],[],[]
gene_217,ALDH2,1982,['chemical_mesh_d004221'],['Disulfiram'],[1949],[1990],['chemical_mesh_d003484'],['Cyanamide'],[1947],[1995]
gene_5371,PML,1963,[],[],[],[],['chemical_mesh_d014212'],['Tretinoin'],[1946],[1991]
gene_3736,KCNA1,1967,[],[],[],[],['chemical_mesh_d015761'],['4-Aminopyridine'],[1960],[1991]
gene_7124,TNF,1971,[],[],[],[],['chemical_mesh_d013792'],['Thalidomide'],[1956],[1991]
gene_1586,CYP17A1,1986,[],[],[],[],"['chemical_mesh_d007654', 'chemical_mesh_d008939']","['Ketoconazole', 'Mitotane']","[1978, 1961]","[1991, 2012]"
gene_2550,GABBR1,1967,[],[],[],[],"['chemical_mesh_d005680', 'chemical_mesh_d001418']","['gamma-Aminobutyric Acid', 'Baclofen']","[1950, 1971]","[1992, 1999]"
gene_5534,PPP3R1,1966,[],[],[],[],"['chemical_mesh_d016572', 'chemical_mesh_d016559']","['Cyclosporine', 'Tacrolimus']","[1957, 1987]","[1992, 1994]"
gene_2571,GAD1,1969,[],[],[],[],['chemical_mesh_d014635'],['Valproic Acid'],[1967],[1992]
gene_5731,PTGER1,1976,[],[],[],[],['chemical_mesh_d000527'],['Alprostadil'],[1962],[1992]
gene_5581,PRKCE,1989,[],[],[],[],['chemical_mesh_c005682'],['safingol'],[1956],[1993]
gene_185,AGTR1,1945,[],[],[],[],"['chemical_mesh_d019808', 'chemical_mesh_d012504']","['Losartan', 'Saralasin']","[1989, 1974]","[1993, 1996]"
gene_762,CA4,1972,[],[],[],[],"['chemical_mesh_d000086', 'chemical_mesh_c057921', 'chemical_mesh_d005016', 'chemical_mesh_d008704']","['Acetazolamide', 'sezolamide', 'Ethoxzolamide', 'Methazolamide']","[1952, 1988, 1958, 1958]","[1994, 1994, 1994, 1995]"
gene_1269,CNR2,1971,[],[],[],[],"['chemical_mesh_d013759', 'chemical_mesh_c011941', 'chemical_mesh_d002185']","['Dronabinol', 'nabilone', 'Cannabidiol']","[1942, 1975, 1963]","[1995, 2001, 2002]"
gene_1268,CNR1,1967,[],[],[],[],"['chemical_mesh_d013759', 'chemical_mesh_c011941', 'chemical_mesh_d002185']","['Dronabinol', 'nabilone', 'Cannabidiol']","[1942, 1975, 1963]","[1995, 1995, 2002]"
gene_5734,PTGER4,1976,[],[],[],[],['chemical_mesh_d016595'],['Misoprostol'],[1976],[1995]
gene_7150,TOP1,1982,[],[],[],[],['chemical_mesh_d015250'],['Aclarubicin'],[1977],[2006]
gene_1956,EGFR,1966,[],[],[],[],['chemical_mesh_d009637'],['Masoprocol'],[1947],[1996]
gene_6833,ABCC8,1823,[],[],[],[],"['chemical_mesh_d003981', 'chemical_mesh_d020110', 'chemical_mesh_d014044', 'chemical_mesh_d005905', 'chemical_mesh_d005913', 'chemical_mesh_d019806', 'chemical_mesh_d020108', 'chemical_mesh_d005907', 'chemical_mesh_d008914', 'chemical_mesh_d002747']","['Diazoxide', 'Pinacidil', 'Tolbutamide', 'Glyburide', 'Glipizide', 'Cromakalim', 'Nicorandil', 'Gliclazide', 'Minoxidil', 'Chlorpropamide']","[1962, 1980, 1956, 1968, 1971, 1986, 1978, 1972, 1972, 1958]","[1996, 1996, 1996, 1997, 1998, 1998, 2000, 2000, 2005, 2009]"
gene_3101,HK3,1951,[],[],[],[],['chemical_mesh_c016371'],['lonidamine'],[1976],[1996]
gene_1375,CPT1B,1979,[],[],[],[],"['chemical_mesh_c023010', 'chemical_mesh_d010480']","['4-hydroxyphenylglycine', 'Perhexiline']","[1974, 1970]","[1997, 2020]"
gene_5531,PPP4C,1975,[],[],[],[],['chemical_mesh_c040313'],['fostriecin'],[1983],[1998]
gene_11261,CHP1,1965,[],[],[],[],"['chemical_mesh_d016572', 'chemical_mesh_d016559']","['Cyclosporine', 'Tacrolimus']","[1957, 1987]","[1999, 1999]"
gene_5243,ABCB1,1982,[],[],[],[],['chemical_mesh_c043062'],['tesmilifene'],[1985],[2001]
gene_186,AGTR2,1976,[],[],[],[],['chemical_mesh_d012504'],['Saralasin'],[1974],[2001]
gene_6241,RRM2,1975,[],[],[],[],['chemical_mesh_d006918'],['Hydroxyurea'],[1963],[2002]
gene_3756,KCNH1,1968,[],[],[],[],['chemical_mesh_c022799'],['clofilium'],[1980],[2003]
gene_768,CA9,1976,[],[],[],[],"['chemical_mesh_d000086', 'chemical_mesh_d008704', 'chemical_mesh_d005016', 'chemical_mesh_d004005']","['Acetazolamide', 'Methazolamide', 'Ethoxzolamide', 'Dichlorphenamide']","[1952, 1958, 1958, 1957]","[2003, 2003, 2003, 2003]"
gene_5729,PTGDR,1964,[],[],[],[],['chemical_mesh_c063119'],['ramatroban'],[1989],[2003]
gene_778,CACNA1F,1982,[],[],[],[],"['chemical_mesh_c038806', 'chemical_mesh_d017275', 'chemical_mesh_d009529', 'chemical_mesh_d009543', 'chemical_mesh_d014700']","['1,4-dihydropyridine', 'Isradipine', 'Nicardipine', 'Nifedipine', 'Verapamil']","[1965, 1983, 1975, 1972, 1963]","[2003, 2003, 2013, 2016, 2020]"
gene_3479,IGF1,1974,[],[],[],[],['chemical_mesh_d009637'],['Masoprocol'],[1947],[2005]
gene_2548,GAA,1967,[],[],[],[],"['chemical_mesh_d017485', 'chemical_mesh_d020909']","['1-Deoxynojirimycin', 'Acarbose']","[1981, 1979]","[2007, 2007]"
gene_3163,HMOX2,1975,[],[],[],[],['chemical_mesh_c055421'],['tin mesoporphyrin'],[1987],[2007]
gene_6326,SCN2A,1972,[],[],[],[],"['chemical_mesh_d002220', 'chemical_mesh_d010672', 'chemical_mesh_d008012', 'chemical_mesh_d001566', 'chemical_mesh_d002045', 'chemical_mesh_d008801']","['Carbamazepine', 'Phenytoin', 'Lidocaine', 'Benzocaine', 'Bupivacaine', 'Mexiletine']","[1962, 1939, 1948, 1946, 1966, 1970]","[2008, 2009, 2010, 2016, 2016, 2016]"
gene_2678,GGT1,1973,[],[],[],[],['chemical_mesh_c006303'],['acivicin'],[1973],[2008]
gene_207,AKT1,1975,[],[],[],[],['chemical_mesh_c014205'],['triciribine phosphate'],[1984],[2010]
gene_3099,HK2,1951,[],[],[],[],['chemical_mesh_c016371'],['lonidamine'],[1976],[2011]
gene_6240,RRM1,1980,[],[],[],[],"['chemical_mesh_d017338', 'chemical_mesh_c024352']","['Cladribine', 'fludarabine']","[1961, 1977]","[2013, 2017]"
gene_3480,IGF1R,1981,[],[],[],[],['chemical_mesh_d017312'],['Toremifene'],[1975],[2015]
gene_1376,CPT2,1973,[],[],[],[],['chemical_mesh_d010480'],['Perhexiline'],[1970],[2019]
